{
  "generator_losses": [
    1.136403,
    0.887465,
    0.852213,
    0.843325,
    0.835668,
    0.837994,
    0.839016,
    0.838826,
    0.831296,
    0.830033,
    0.825407,
    0.818309,
    0.811355,
    0.810518,
    0.810079,
    0.806291,
    0.805246,
    0.80665,
    0.806115,
    0.801043,
    0.799363,
    0.801103,
    0.800837,
    0.803429,
    0.800236,
    0.794678,
    0.795091,
    0.792755,
    0.79106,
    0.79102,
    0.794827,
    0.793928,
    0.797909,
    0.794769,
    0.791456,
    0.790428,
    0.790299,
    0.789485,
    0.789329,
    0.790735,
    0.793246,
    0.792314,
    0.790053,
    0.790165,
    0.789607,
    0.787778,
    0.790617,
    0.789956,
    0.788406,
    0.788814,
    0.789262,
    0.78804,
    0.788023,
    0.787734,
    0.787759,
    0.788203,
    0.788648,
    0.78753,
    0.786901,
    0.786972,
    0.786494,
    0.788141,
    0.788181,
    0.787625,
    0.787233,
    0.786743,
    0.787125,
    0.787271,
    0.787183,
    0.786995,
    0.786482,
    0.787912,
    0.786887,
    0.786998,
    0.787313,
    0.787486,
    0.786617,
    0.78724,
    0.787012,
    0.786685,
    0.786982,
    0.787248,
    0.788221,
    0.788062,
    0.788676,
    0.788265,
    0.7886,
    0.787803,
    0.787527,
    0.788231,
    0.788172,
    0.787779,
    0.788536,
    0.789047,
    0.787732,
    0.787965,
    0.788233,
    0.788506,
    0.787466,
    0.788713
  ],
  "discriminator_losses": [
    1.050668,
    1.311092,
    1.327677,
    1.341695,
    1.349354,
    1.352006,
    1.353785,
    1.355407,
    1.359912,
    1.360913,
    1.363305,
    1.365888,
    1.367766,
    1.36914,
    1.369311,
    1.37095,
    1.370679,
    1.370285,
    1.370768,
    1.372928,
    1.371654,
    1.371901,
    1.371445,
    1.370941,
    1.372261,
    1.3735,
    1.372949,
    1.374056,
    1.374054,
    1.37362,
    1.372792,
    1.372683,
    1.372445,
    1.373547,
    1.37373,
    1.373927,
    1.374143,
    1.374042,
    1.374529,
    1.373227,
    1.372903,
    1.373864,
    1.373726,
    1.374365,
    1.374064,
    1.374104,
    1.374055,
    1.373875,
    1.374599,
    1.374158,
    1.374151,
    1.374604,
    1.374193,
    1.374882,
    1.374204,
    1.374577,
    1.374126,
    1.375001,
    1.37467,
    1.374881,
    1.374509,
    1.373914,
    1.374348,
    1.374111,
    1.374583,
    1.374545,
    1.374399,
    1.374331,
    1.374687,
    1.374478,
    1.374634,
    1.374439,
    1.374778,
    1.374386,
    1.374115,
    1.374496,
    1.374688,
    1.3744,
    1.374565,
    1.373935,
    1.374521,
    1.373921,
    1.373929,
    1.373775,
    1.373685,
    1.373786,
    1.373295,
    1.374048,
    1.373648,
    1.37353,
    1.373828,
    1.373471,
    1.373701,
    1.373633,
    1.373775,
    1.373866,
    1.373886,
    1.373615,
    1.373578,
    1.373426
  ],
  "final_g_loss": 0.7887,
  "final_d_loss": 1.3734,
  "generator_params": 1489936,
  "discriminator_params": 533505,
  "hyperparameters": {
    "latent_dim": 100,
    "batch_size": 128,
    "epochs": 100,
    "lr_G": 0.0002,
    "lr_D": 0.0002,
    "label_smoothing": 0.9,
    "optimizer": "Adam(beta1=0.5, beta2=0.999)"
  }
}